-102.4996200000000073,52.0272810000000021
-111.0811700000000286,34.4963729999999984
-111.0714000000000254,34.4963729999999984
-111.0640800000000183,34.4988150000000005
-111.0567599999999970,34.4963729999999984
-111.0509999999999877,34.4980499999999992
-111.0451400000000035,34.4980499999999992
-111.0431899999999956,34.4980499999999992
-111.0392800000000051,34.5000039999999970
-116.2834200000000067,46.9296979999999948
-116.2170199999999909,46.9218850000000032
-115.7970900000000114,46.9023539999999954
-115.7990500000000083,46.9062600000000032
-115.7970899999999972,46.9101659999999896
-116.1955300000000051,47.1796980000000019
-118.4672499999999928,36.2697249999999940
-118.4789700000000039,36.2833970000000008
-118.4946000000000055,36.2912099999999924
-118.5199900000000213,36.3068349999999995
-118.5141299999999944,36.3205069999999992
-118.4926399999999944,36.3263660000000002
-118.5336599999999976,36.3380849999999995
-119.5805300000000244,37.6076169999999905
-119.5707700000000102,37.6310539999999989
-119.5668600000000197,37.6603509999999986
-119.5707700000000102,37.6603509999999986
-119.5824900000000071,37.6798819999999992
-119.5883500000000055,37.6876949999999908
-120.0063199999999881,38.3439449999999979
-120.0063199999999881,38.3517579999999967
-119.9242799999999960,38.1251950000000051
-120.2895200000000102,38.8498050000000035
-122.2211600000000544,38.2658200000000051
-122.2133499999999913,38.2580079999999967
-122.1957699999999960,38.2873050000000035
-122.2016299999999802,38.2892579999999967
-122.1899100000000118,38.3009759999999986
-122.1996800000000150,38.3341800000000035
-122.2094400000000007,38.3341800000000035
-122.2016299999999802,38.3498050000000035
-122.1938200000000023,38.3087889999999902
-122.2035800000000165,38.3712889999999973
-122.2094399999999723,38.3810549999999964
-122.2211600000000118,38.4025389999999973
-122.2250700000000023,38.4103509999999986
-122.2699900000000355,38.4259770000000032
-122.2797500000000070,38.4259770000000032
-122.2973300000000023,38.4357419999999905
-122.3110000000000070,38.4357419999999905
-122.3344399999999723,38.4396480000000054
-122.3403000000000134,38.4396480000000054
-122.3266300000000086,38.4455079999999967
-122.3188200000000165,38.4044919999999976
-122.4125700000000023,38.2853509999999986
-122.4125700000000023,38.2931639999999973
-122.4438200000000023,38.3283199999999979
-122.4457700000000386,38.3458980000000054
-122.4438200000000023,38.3498050000000035
-122.4945999999999771,38.3537109999999899
-122.4809300000000007,38.3751949999999979
-122.4887400000000213,38.3751949999999979
-122.4985000000000070,38.3751949999999979
-122.4887399999999928,38.3810549999999964
-122.4906899999999723,38.3849610000000041
-122.4926499999999834,38.3908199999999979
-122.4985000000000070,38.3966800000000035
-122.5043599999999770,38.3947259999999915
-122.5180399999999992,38.3693359999999970
-122.5414699999999755,38.3810549999999964
-122.5492899999999992,38.3771479999999912
-122.5492899999999992,38.4298829999999967
-122.5551499999999834,38.4318359999999899
-122.5414699999999897,38.4318359999999899
-122.5453799999999660,38.4357419999999905
-122.5434299999999865,38.4416019999999961
-122.5727200000000039,38.3849610000000041
-122.5746799999999865,38.3908199999999979
-122.5863999999999692,38.3810549999999964
-122.6039700000000039,38.3712889999999973
-122.6117900000000276,38.3732419999999976
-122.6332700000000102,38.3771479999999912
-122.6527999999999992,38.3673829999999896
-122.6254600000000181,38.3791010000000057
-122.6117900000000134,38.3888669999999905
-122.6117900000000134,38.4025389999999973
-122.6215499999999992,38.4220699999999908
-122.6215499999999992,38.4220699999999908
-122.6254600000000181,38.4240229999999983
-122.6235000000000070,38.4279299999999964
-122.6059299999999865,38.4240229999999983
-122.7016300000000086,38.4845699999999908
-122.7055399999999992,38.4865229999999983
-122.6977199999999897,38.4806639999999973
-122.7211599999999834,38.4728520000000032
-122.7485000000000213,38.4748050000000035
-122.7504600000000039,38.5001949999999979
-122.7504600000000039,38.5275389999999973
-122.7524099999999834,38.5294919999999905
-122.7328799999999660,38.5470700000000051
-122.6996800000000007,38.4884770000000032
-122.6684300000000007,38.5099609999999970
-122.6703800000000086,38.5138669999999976
-122.6527999999999992,38.5353520000000032
-122.6645199999999818,38.5431639999999973
-122.6430399999999850,38.5607419999999976
-122.6254600000000181,38.5783199999999908
-122.6567099999999755,38.5939449999999908
-122.6781900000000149,38.5978519999999961
-122.6801500000000118,38.6056639999999973
-122.6801500000000402,38.5998050000000106
-122.7152999999999849,38.5783199999999908
-122.7172499999999644,38.5822269999999961
-122.7211599999999976,38.5861329999999967
-122.7231100000000055,38.5900389999999973
-122.7152999999999849,38.5841799999999964
-122.6567099999999897,38.6115229999999983
-122.6469399999999865,38.6173829999999896
-122.6469399999999865,38.6251949999999979
-122.6449899999999644,38.6388669999999905
-122.6235000000000070,38.6310550000000035
-122.6957699999999960,38.9943359999999970
-122.8676500000000118,38.7521490000000028
-122.8852199999999897,38.7501949999999908
-122.8930399999999992,38.7501949999999908
-122.9106100000000055,38.7501949999999908
-122.9027999999999849,38.7482420000000047
-122.8832699999999960,38.7482420000000047
-122.9164699999999897,38.7521490000000028
-122.9281900000000292,38.7580079999999967
-122.9301500000000118,38.7658199999999979
-122.9281900000000007,38.7833989999999957
-122.9223300000000449,38.7873049999999964
-122.9164700000000181,38.7873049999999964
-122.8969400000000292,38.7736329999999967
-122.8891299999999802,38.7619139999999902
-122.9145199999999676,38.7853520000000103
-121.3461599999999834,39.3908210000000096
-121.3481100000000339,39.3966800000000035
-120.7602200000000039,39.7599620000000016
-120.7680299999999818,39.7599620000000016
-121.3637400000000071,39.3849609999999970
-121.3735000000000070,39.3888679999999951
-123.2192100000000039,39.3771490000000028
-123.2524099999999976,39.3517579999999967
-123.2934299999999865,39.3439460000000025
-123.3012400000000071,39.3439460000000025
-123.2992900000000276,39.3283209999999954
-123.2953799999999944,39.3283209999999954
-123.3129600000000323,39.2990240000000028
-123.3051499999999976,39.2912110000000041
-123.2738999999999834,39.2853520000000032
-123.2563200000000165,39.2873050000000106
-123.2504600000000039,39.2873050000000106
-123.2485000000000070,39.2892579999999967
-123.1918599999999913,39.3732429999999951
-123.1899099999999976,39.3712889999999973
-123.1645200000000102,39.2853520000000032
-123.1586599999999834,39.2931639999999902
-123.1547500000000070,39.3048829999999896
-123.1508500000000055,39.3048829999999896
-123.1352200000000039,39.3712889999999973
-123.1469400000000149,39.3712889999999973
-123.1547499999999786,39.3732429999999951
-123.1625699999999739,39.3791019999999961
-123.1547499999999786,39.3771490000000028
-123.1469399999999865,39.3751959999999954
-123.1449900000000071,39.3849609999999970
-123.1508500000000055,39.3869150000000019
-123.1527999999999992,39.3908210000000096
-123.1430400000000134,39.3771490000000028
-123.1469399999999581,39.3654299999999964
-123.1879599999999897,39.3712889999999973
-123.1801500000000260,39.3673829999999967
-122.9985000000000070,40.2033210000000025
-123.0043599999999913,40.2072269999999961
-123.0453800000000228,40.2033210000000025
-123.0434299999999581,40.1916019999999961
-123.0356099999999913,40.1896490000000028
-123.0258500000000055,40.1876960000000025
-123.1762400000000071,41.4455090000000013
-123.7367899999999850,41.7990249999999932
-123.7387400000000213,41.7990249999999932
-123.7152999999999992,41.7931659999999923
-123.1860000000000070,41.9533220000000071
-123.1977200000000039,41.9591810000000009
-123.1899099999999692,41.9630879999999991
-123.0844400000000007,41.9650409999999994
-123.0688199999999881,41.9826189999999926
-123.0629600000000039,41.9826189999999926
-123.0629600000000039,41.9591810000000009
-123.0610000000000070,41.9611349999999916
-123.0453800000000086,41.9650409999999994
-123.0453800000000086,41.9728529999999935
-123.0395199999999818,41.9709000000000003
-123.0336599999999976,41.9728529999999935
-125.1958900000000057,56.1805880000000002
-125.2032200000000017,56.1830300000000022
-125.4180599999999970,55.0324859999999916
-125.4241700000000037,55.0355379999999954
-125.4333200000000090,55.0355379999999954
-124.1613499999999988,54.4986909999999938
-124.1613499999999988,54.5035739999999933
-124.3493400000000122,53.9396089999999901
-124.8425000000000011,54.7916599999999931
-124.8351800000000225,54.7965429999999927
-124.8278499999999980,54.7916599999999931
-124.8254100000000051,54.7941009999999977
-120.0890799999999814,55.8854099999999931
-117.0348800000000011,58.0092670000000084
-116.8024599999999964,58.4565329999999932
-122.1799999999999784,38.2800000000000011
-122.1799999999999784,38.2800000000000011
-122.1799999999999784,38.2800000000000011
-122.1799999999999784,38.2800000000000011
-123.0100000000000051,40.1799999999999997
-122.1700000000000017,38.2699999999999960
-123.0100000000000051,40.1799999999999997
-122.1700000000000017,38.2699999999999960
-123.2399999999999949,39.3600000000000065
-122.1799999999999784,38.2800000000000011
-123.2399999999999949,39.3600000000000065
-122.1799999999999784,38.2800000000000011
-123.0100000000000051,40.1799999999999997
-122.1700000000000017,38.2699999999999960
-123.2699999999999676,39.3600000000000065
-122.4199999999999875,38.3199999999999932
-122.1700000000000017,38.2699999999999960
-122.1799999999999784,38.2800000000000011
-123.2399999999999949,39.3600000000000065
-122.4199999999999875,38.3199999999999932
-122.1700000000000017,38.2699999999999960
-122.1900000000000261,38.3900000000000006
-122.1799999999999784,38.2800000000000011
-117.6999999999999744,33.8199999999999932
-123.2399999999999949,39.3600000000000065
-122.2300000000000040,38.4299999999999997
-122.4199999999999875,38.3199999999999932
-122.1700000000000017,38.2699999999999960
-122.2300000000000040,38.4299999999999997
-122.4199999999999875,38.3199999999999932
-122.1700000000000017,38.2699999999999960
-122.1799999999999784,38.2800000000000011
-123.2399999999999949,39.3600000000000065
-122.2300000000000040,38.4299999999999997
-122.1700000000000017,38.2699999999999960
-122.1799999999999784,38.2800000000000011
-123.2399999999999949,39.3600000000000065
-122.2300000000000040,38.4299999999999997
-122.1700000000000017,38.2699999999999960
-123.2399999999999949,39.3600000000000065
-122.2300000000000040,38.4299999999999997
-122.1700000000000017,38.2699999999999960
-123.2399999999999949,39.3600000000000065
-122.2599999999999767,38.4299999999999997
-122.1700000000000017,38.2699999999999960
-97.6999999999999886,29.0799999999999983
-123.0255999999999830,40.1912999999999982
-123.0049999999999812,40.1894999999999953
-123.0160999999999802,40.1817999999999955
-121.3718999999999824,39.3830999999999918
-121.3559000000000054,39.3813999999999922
-123.2134000000000071,39.3808999999999969
-123.2186999999999983,39.3826999999999927
-123.2207999999999970,39.3712000000000018
-123.2814999999999941,39.3536000000000072
-123.2622000000000071,39.3517999999999901
-123.3044000000000011,39.3440999999999974
-123.2826000000000164,39.3419999999999987
-123.1537000000000006,39.2954000000000008
-122.7062000000000097,38.5960999999999999
-122.6891999999999427,38.5943999999999932
-122.6947000000000116,38.5922999999999945
-122.7156999999999982,38.5720999999999989
-122.6976000000000226,38.5702999999999960
-122.7164999999999822,38.5043999999999897
-122.2528000000000077,38.4455999999999918
-122.2378000000000355,38.4440000000000026
-122.3243999999999687,38.4421999999999926
-122.2107000000000028,38.4087000000000032
-122.2117999999999967,38.3980000000000032
-122.1959999999999837,38.3963999999999999
-122.6029999999999802,38.4264000000000010
-122.1985999999999848,38.3858000000000033
-122.6208999999999776,38.4171000000000049
-122.6039999999999992,38.4153999999999911
-122.6270999999999844,38.4143999999999934
-122.6098000000000212,38.4125999999999976
-122.1932000000000329,38.3472999999999900
-122.1783000000000072,38.3348999999999904
-122.1957000000000306,38.3258999999999972
-122.1791999999999945,38.3242000000000047
-122.1804999999999666,38.3136000000000010
-122.1828000000000145,38.3029999999999902
-122.1663000000000068,38.3012999999999977
-122.4010999999999854,38.3143999999999991
-122.1850999999999914,38.2924999999999969
-122.1692000000000036,38.2907999999999902
-122.1874999999999858,38.2819000000000003
-122.1719999999999970,38.2804000000000002
-122.2399000000000200,38.2764000000000024
-122.2224000000000075,38.2747000000000099
-122.2052000000000049,38.2730000000000032
-122.2290999999999741,38.2823999999999955
-122.1792999999999836,38.2770999999999901
-122.1637000000000342,38.2753999999999905
-122.2298999999999864,38.2715999999999994
-122.2125000000000199,38.2698000000000036
-118.4699999999999847,36.2639999999999958
-118.4776999999999987,36.2546999999999997
-118.4668000000000063,36.2531000000000034
-118.4557999999999964,36.2515000000000001
-118.4446999999999974,36.2499999999999929
-118.5021999999999736,36.2490000000000023
-118.4909999999999712,36.2473999999999990
-118.4798000000000116,36.2458000000000027
-118.4688000000000159,36.2443000000000026
-118.4467999999999961,36.2411000000000030
-118.4356999999999829,36.2394999999999996
-118.4377999999999815,36.2306999999999988
-117.7070999999999827,33.8423000000000016
-117.6963999999999970,33.8406000000000020
-117.7048000000000059,33.8329999999999984
-117.6941999999999950,33.8313999999999950
-117.7068000000000012,33.8241000000000014
-117.6961000000000013,33.8224000000000018
-117.7087999999999965,33.8151999999999973
-123.1460799999999693,39.3009440000000012
-123.2398299999999836,39.2884439999999984
-123.2117099999999823,39.3603189999999969
-122.7195200000000028,38.5040669999999992
-122.3945199999999716,38.3118800000000022
-122.3913900000000154,38.3134420000000020
-122.5960799999999722,38.4196919999999906
-122.5913900000000041,38.4181299999999979
-122.5382699999999829,38.4368800000000022
-122.6976400000000069,38.5665679999999966
-122.6992100000000079,38.5650049999999993
-122.7132700000000085,38.5040669999999992
-156.4239399999999591,20.8171910000000011
-156.4314400000000091,20.8184410000000000
-156.4401899999999728,20.8184410000000000
-156.4376900000000035,20.8146909999999963
-156.4301900000000103,20.8134409999999974
-156.4264400000000137,20.8134409999999974
-156.4301900000000387,20.8096909999999973
-156.4264399999999853,20.8121909999999950
-156.4351900000000057,20.8096909999999973
-156.4364400000000046,20.8146909999999963
-156.4326900000000080,20.8146909999999963
-156.4239399999999591,20.8121909999999950
-123.1814599999999871,41.4367620000000016
-123.1912200000000155,41.4426210000000026
-123.7478699999999776,41.8000429999999952
-123.2068500000000029,41.9543400000000020
-122.9978700000000060,40.1867609999999971
-123.0466899999999981,40.1945729999999983
-123.0252100000000013,40.1789479999999912
-121.5681799999999981,39.6184010000000058
-121.3416100000000313,39.3391039999999990
-123.1716899999999839,39.2902759999999986
-123.3005999999999887,39.3488700000000051
-123.3064599999999587,39.3508229999999912
-123.3005999999999887,39.3469169999999906
-122.2791099999999602,38.3781660000000002
-122.4177900000000108,38.2863690000000005
-122.4900499999999823,38.3976969999999937
-120.2908299999999997,38.8508229999999983
-120.0076300000000060,38.3488689999999934
-118.4255999999999602,36.2531650000000027
-118.4275499999999965,36.2375400000000027
-156.4348099999999988,20.8136450000000011
-96.9813939999999945,34.9229890000000012
-123.3378599999999636,39.2860289999999992
-123.3116099999999875,39.2897790000000029
-122.4891100000000108,38.3547790000000077
-122.4878599999999977,38.3560289999999924
-121.3609799999999836,39.4155510000000007
-120.0153999999999854,38.3449700000000036
-119.5732200000000063,37.6637199999999979
-115.0647800000000132,32.3952219999999969
-102.1833400000000012,48.9187259999999924
-101.7332099999999997,49.7884770000000003
-100.6994200000000035,49.1628669999999985
-101.3441100000000148,49.1399789999999896
-93.7328329999999852,31.8207059999999977
-85.1232250000000192,30.5996419999999993
-80.9966390000000018,26.7656719999999950
-81.0234940000000137,26.7192859999999968
-112.0498800000000017,35.2865710000000021
-102.7563199999999881,50.6611869999999911
-104.3346599999999853,50.6802610000000016
-101.8932499999999806,48.7824489999999997
-102.1412000000000120,50.3655479999999969
-123.0100000000000051,40.1899999999999977
-122.1799999999999784,38.2800000000000011
-123.0100000000000051,40.1899999999999977
-122.1799999999999784,38.2800000000000011
-123.2699999999999676,39.3600000000000065
-123.1200000000000045,39.3699999999999974
-122.1700000000000017,38.2699999999999960
-118.4300000000000068,36.2599999999999980
-123.2399999999999949,39.3600000000000065
-123.1200000000000045,39.3699999999999974
-122.1700000000000017,38.2699999999999960
-118.4300000000000068,36.2599999999999980
-123.0100000000000051,40.1899999999999977
-122.1799999999999784,38.2800000000000011
-123.2399999999999949,39.3600000000000065
-118.4300000000000068,36.2599999999999980
-123.0100000000000051,40.1899999999999977
-122.1799999999999784,38.2800000000000011
-123.2699999999999676,39.3600000000000065
-123.1200000000000045,39.3699999999999974
-122.1700000000000017,38.2699999999999960
-118.4300000000000068,36.2599999999999980
-123.2699999999999676,39.3600000000000065
-123.1200000000000045,39.3699999999999974
-122.6000000000000085,38.4200000000000017
-122.4199999999999875,38.3199999999999932
-122.1700000000000017,38.2699999999999960
-118.4300000000000068,36.2599999999999980
-123.0100000000000051,40.1899999999999977
-122.1799999999999784,38.2800000000000011
-123.2699999999999676,39.3600000000000065
-123.1200000000000045,39.3699999999999974
-122.6000000000000085,38.4200000000000017
-122.2599999999999767,38.4299999999999997
-122.4199999999999875,38.3199999999999932
-122.1900000000000119,38.3199999999999932
-122.1700000000000017,38.2699999999999960
-118.4300000000000068,36.2599999999999980
-123.0100000000000051,40.1899999999999977
-122.6000000000000085,38.3700000000000045
-122.1799999999999784,38.2800000000000011
-123.2699999999999676,39.3600000000000065
-123.1200000000000045,39.3699999999999974
-122.6000000000000085,38.4200000000000017
-122.1700000000000017,38.2699999999999960
-118.4300000000000068,36.2599999999999980
-123.2699999999999676,39.3600000000000065
-123.1200000000000045,39.3699999999999974
-122.6000000000000085,38.4200000000000017
-122.1700000000000017,38.2699999999999960
-118.4300000000000068,36.2599999999999980
-123.0100000000000051,40.1899999999999977
-122.1799999999999784,38.2800000000000011
-123.2699999999999676,39.3600000000000065
-123.1200000000000045,39.3699999999999974
-122.6000000000000085,38.4200000000000017
-122.1700000000000017,38.2699999999999960
-118.4300000000000068,36.2599999999999980
-123.0100000000000051,40.1899999999999977
-122.1799999999999784,38.2800000000000011
-123.2699999999999676,39.3600000000000065
-123.1200000000000045,39.3699999999999974
-122.6000000000000085,38.4200000000000017
-122.1700000000000017,38.2699999999999960
-118.4300000000000068,36.2599999999999980
-123.2399999999999949,39.3600000000000065
-122.6000000000000085,38.4200000000000017
-118.4300000000000068,36.2599999999999980
-123.0100000000000051,40.1899999999999977
-122.1799999999999784,38.2800000000000011
-123.2699999999999676,39.3600000000000065
-123.1200000000000045,39.3699999999999974
-122.6000000000000085,38.4200000000000017
-122.2300000000000040,38.4299999999999997
-118.4300000000000068,36.2599999999999980
-123.0100000000000051,40.1899999999999977
-122.1900000000000261,38.3900000000000006
-122.1799999999999784,38.2800000000000011
-123.2399999999999949,39.3600000000000065
-123.1200000000000045,39.3699999999999974
-122.6000000000000085,38.4200000000000017
-122.2599999999999767,38.4299999999999997
-122.1700000000000017,38.2699999999999960
-118.4300000000000068,36.2599999999999980
-123.2399999999999949,39.3600000000000065
-123.1200000000000045,39.3699999999999974
-118.4300000000000068,36.2599999999999980
-118.4300000000000068,36.2599999999999980
-123.1200000000000045,39.3699999999999974
-122.2300000000000040,38.4299999999999997
-118.4599999999999795,36.2599999999999980
-123.1200000000000045,39.3699999999999974
-122.2300000000000040,38.4299999999999997
-122.1700000000000017,38.2699999999999960
-118.4599999999999795,36.2599999999999980
-122.2599999999999767,38.4299999999999997
-118.4599999999999795,36.2599999999999980
-125.4400000000000119,55.0300000000000011
-123.0600000000000307,41.9600000000000009
-123.0500000000000256,41.9600000000000009
-123.0600000000000307,40.1899999999999977
-123.0400000000000063,40.1899999999999977
-123.0300000000000296,40.1899999999999977
-123.0200000000000244,40.1899999999999977
-123.0100000000000051,40.1899999999999977
-123.0000000000000000,40.1799999999999997
-123.0400000000000063,40.1799999999999997
-123.0299999999999727,40.1799999999999997
-121.3800000000000097,39.3900000000000006
-121.3700000000000330,39.3900000000000006
-121.3800000000000097,39.3800000000000026
-123.1600000000000250,39.3800000000000026
-123.1500000000000199,39.3800000000000026
-123.2200000000000131,39.3800000000000026
-123.1700000000000017,39.3699999999999974
-123.1600000000000250,39.3699999999999974
-123.1499999999999915,39.3699999999999974
-123.1299999999999955,39.3699999999999974
-123.2299999999999898,39.3699999999999974
-123.2199999999999989,39.3699999999999974
-123.3099999999999596,39.3499999999999943
-123.2999999999999403,39.3499999999999943
-123.2899999999999636,39.3499999999999943
-123.2799999999999585,39.3499999999999943
-123.3099999999999881,39.3399999999999963
-123.2999999999999403,39.3399999999999963
-123.2899999999999920,39.3399999999999963
-123.2999999999999687,39.3299999999999983
-123.1499999999999773,39.3099999999999952
-123.1500000000000199,39.3000000000000043
-123.1700000000000017,39.2899999999999991
-123.2599999999999909,39.2899999999999991
-123.2499999999999716,39.2800000000000011
-122.8900000000000148,38.7599999999999909
-122.9300000000000068,38.7500000000000000
-122.9200000000000159,38.7500000000000000
-122.9099999999999824,38.7500000000000000
-122.9000000000000057,38.7500000000000000
-122.8899999999999864,38.7500000000000000
-122.6599999999999966,38.6199999999999903
-122.6500000000000057,38.6199999999999903
-122.7299999999999756,38.5799999999999912
-122.7199999999999989,38.5799999999999912
-122.7099999999999937,38.5799999999999912
-122.6999999999999744,38.5799999999999912
-122.7199999999999989,38.5600000000000023
-122.6599999999999966,38.5300000000000011
-122.6500000000000057,38.5300000000000011
-122.7599999999999909,38.5300000000000011
-122.7500000000000000,38.5300000000000011
-122.3300000000000409,38.4500000000000099
-122.3200000000000500,38.4500000000000099
-122.2699999999999960,38.4399999999999977
-122.2599999999999767,38.4399999999999977
-122.3399999999999892,38.4399999999999977
-122.3299999999999699,38.4399999999999977
-122.3199999999999648,38.4399999999999977
-122.2699999999999960,38.4299999999999997
-122.2899999999999920,38.4200000000000017
-122.2800000000000011,38.4200000000000017
-122.2400000000000091,38.4200000000000017
-122.2299999999999756,38.4099999999999895
-122.2300000000000040,38.3999999999999986
-122.5600000000000023,38.4399999999999977
-122.5500000000000114,38.4399999999999977
-122.5399999999999778,38.4399999999999977
-122.2200000000000273,38.3900000000000006
-122.2100000000000364,38.3900000000000006
-122.5600000000000023,38.4299999999999997
-122.5500000000000114,38.4299999999999997
-122.5400000000000063,38.4299999999999997
-122.2099999999999795,38.3800000000000026
-122.6200000000000045,38.4299999999999997
-122.6099999999999994,38.4299999999999997
-122.6300000000000097,38.4200000000000017
-122.6200000000000045,38.4200000000000017
-122.6099999999999994,38.4200000000000017
-122.6000000000000085,38.4200000000000017
-122.5899999999999750,38.4099999999999895
-122.5799999999999841,38.4099999999999895
-122.4899999999999807,38.3999999999999986
-122.6399999999999721,38.4099999999999895
-122.6299999999999812,38.4099999999999895
-122.5000000000000426,38.3900000000000006
-122.2100000000000080,38.3500000000000014
-122.2000000000000028,38.3500000000000014
-122.2100000000000364,38.3400000000000034
-122.2000000000000028,38.3400000000000034
-122.1900000000000119,38.3400000000000034
-122.1800000000000068,38.3400000000000034
-122.4899999999999807,38.3700000000000045
-122.4800000000000182,38.3700000000000045
-122.2100000000000080,38.3299999999999983
-122.2000000000000028,38.3299999999999983
-122.1900000000000119,38.3299999999999983
-122.1799999999999784,38.3299999999999983
-122.5000000000000142,38.3599999999999923
-122.4500000000000171,38.3500000000000014
-122.4500000000000171,38.3400000000000034
-122.1999999999999744,38.3100000000000023
-122.1900000000000119,38.3100000000000023
-122.1799999999999784,38.3100000000000023
-122.2000000000000028,38.2999999999999972
-122.1900000000000119,38.2999999999999972
-122.4099999999999966,38.3199999999999932
-122.4099999999999966,38.3199999999999932
-122.2099999999999795,38.2899999999999991
-122.2000000000000028,38.2899999999999991
-122.1900000000000119,38.2899999999999991
-122.1800000000000068,38.2899999999999991
-122.4099999999999966,38.3100000000000023
-122.1900000000000119,38.2800000000000011
-122.1799999999999784,38.2800000000000011
-122.2400000000000091,38.2800000000000011
-122.2299999999999756,38.2699999999999960
-122.2199999999999989,38.2699999999999960
-122.2400000000000233,38.2600000000000051
-118.4700000000000131,36.2599999999999980
-118.4700000000000131,36.2499999999999929
-118.4599999999999795,36.2499999999999929
-118.4500000000000028,36.2499999999999929
-118.5100000000000051,36.2499999999999929
-118.5000000000000000,36.2499999999999929
-118.4900000000000091,36.2499999999999929
-118.4800000000000040,36.2499999999999929
-118.4700000000000131,36.2400000000000020
-118.4500000000000028,36.2400000000000020
-118.4400000000000119,36.2400000000000020
-118.4300000000000068,36.2400000000000020
-117.7100000000000080,33.8400000000000034
-117.6999999999999744,33.8400000000000034
-117.7100000000000080,33.8299999999999983
-117.7000000000000028,33.8299999999999983
-117.6900000000000119,33.8299999999999983
-117.7099999999999795,33.8199999999999932
-117.6999999999999744,33.8199999999999932
-116.2761300000000091,46.9323159999999930
-123.0266999999999626,41.9690969999999908
-123.0371199999999874,40.1954459999999969
-123.0292600000000078,40.1873440000000031
-123.0095900000000171,40.1847720000000024
-122.9994800000000339,40.1834530000000001
-121.3477800000000002,39.3989790000000042
-121.3796099999999853,39.3831899999999919
-121.3706700000000041,39.3818660000000023
-123.1562000000000126,39.3903349999999932
-123.1463300000000203,39.3890189999999905
-123.1308700000000016,39.3728519999999946
-123.2189199999999971,39.3774760000000015
-123.1328400000000016,39.3660550000000029
-123.2206000000000046,39.3706320000000005
-123.2107800000000282,39.3693239999999989
-123.2447800000000058,39.3525919999999942
-123.2355000000000018,39.3513679999999937
-123.2744700000000080,39.3494260000000011
-123.2649300000000210,39.3481790000000018
-123.2714800000000110,39.3474809999999948
-123.2621100000000069,39.3462220000000045
-123.3028300000000286,39.3446009999999973
-123.2927299999999917,39.3432430000000011
-123.2827099999999376,39.3419079999999894
-123.2944599999999866,39.3363950000000031
-123.1436500000000080,39.3020709999999980
-123.1544300000000050,39.2964630000000028
-123.1558200000000056,39.2895850000000024
-123.2465700000000197,39.2875670000000028
-123.2370899999999807,39.2862969999999905
-122.8740499999999969,38.7564509999999913
-122.8721799999999860,38.7525940000000020
-122.9117700000000184,38.7511250000000089
-122.9022999999999968,38.7497979999999984
-122.8927499999999924,38.7484659999999934
-122.8832299999999833,38.7471499999999978
-122.6445500000000095,38.6235079999999940
-122.6772099999999881,38.5965079999999929
-122.7060200000000094,38.5936160000000044
-122.6969099999999742,38.5923269999999903
-122.7261800000000136,38.5894779999999997
-122.7168000000000205,38.5881689999999935
-122.7074499999999944,38.5868569999999949
-122.6982799999999969,38.5855709999999945
-122.6892399999999981,38.5843119999999900
-122.7182900000000103,38.5814320000000066
-122.7199099999999703,38.5747069999999965
-122.7123299999999801,38.5666960000000003
-122.7031500000000079,38.5654180000000011
-122.7493900000000053,38.5301400000000029
-122.6586999999999819,38.5106200000000030
-122.2488400000000013,38.4476050000000029
-122.2592499999999802,38.4422190000000015
-122.2502900000000068,38.4409289999999899
-122.7247700000000066,38.5017890000000023
-122.7155399999999901,38.5004769999999965
-122.3245300000000242,38.4447860000000077
-122.2609700000000004,38.4355960000000039
-122.3352100000000178,38.4394259999999974
-122.2987100000000140,38.4341620000000006
-122.2357599999999991,38.4250639999999990
-122.2822000000000031,38.4248809999999992
-122.2209100000000177,38.4091340000000017
-122.5402299999999798,38.4410669999999897
-122.3144900000000206,38.4088589999999996
-122.2063200000000052,38.3932720000000032
-122.5325700000000211,38.4330599999999976
-122.2078900000000061,38.3866000000000014
-122.5435300000000041,38.4276809999999927
-122.6099399999999662,38.4232099999999903
-122.6009499999999974,38.4219399999999993
-122.6204800000000148,38.4177669999999978
-122.5843399999999406,38.4126819999999825
-122.6220299999999952,38.4110530000000026
-122.4856899999999911,38.3918569999999946
-122.1978900000000010,38.3507650000000027
-122.2008300000000105,38.3374480000000020
-122.1918499999999881,38.3361510000000010
-122.1829800000000148,38.3348659999999981
-122.1814399999999807,38.3296780000000012
-122.1919000000000182,38.3243179999999981
-122.1829100000000068,38.3230059999999995
-122.4465100000000035,38.3473240000000004
-122.4374499999999841,38.3460389999999975
-122.4482699999999369,38.3406829999999914
-122.1787099999999953,38.3017689999999931
-122.1803500000000184,38.2951470000000072
-122.1998999999999853,38.2911000000000001
-122.1909600000000324,38.2898030000000063
-122.1820300000000117,38.2885089999999906
-122.4078800000000058,38.3141940000000005
-122.3989299999999787,38.3129160000000013
-122.1925700000000177,38.2831570000000028
-122.1837099999999907,38.2818639999999988
-122.1748999999999938,38.2805979999999977
-122.1852900000000375,38.2752189999999999
-122.1765099999999933,38.2739490000000018
-122.2316900000000146,38.2750589999999988
-122.2226199999999778,38.2737459999999956
-122.2331499999999664,38.2683939999999936
-122.2240599999999802,38.2670779999999908
-122.2346800000000115,38.2617300000000071
-119.5794000000000068,37.6821440000000010
-118.4593099999999737,36.2546040000000005
-118.4799000000000149,36.2511409999999970
-118.4702300000000008,36.2493780000000001
-118.4511000000000394,36.2458719999999985
-118.4991000000000128,36.2474369999999979
-118.4900800000000203,36.2457810000000009
-118.4811700000000059,36.2441600000000008
-118.4716899999999953,36.2424199999999956
-118.4431500000000028,36.2371940000000023
-118.4446300000000036,36.2302209999999931
-117.7064400000000006,33.8357889999999983
-117.6964800000000082,33.8338660000000004
-117.7090400000000017,33.8285559999999990
-117.6988800000000026,33.8265910000000005
-117.7009599999999807,33.8192519999999988
-78.4402421590389309,37.0173557368512434
-103.1372525272250158,49.9014086971296109
-103.5044400333579375,50.1248462008615476
-105.4825650663973562,51.1717212183468675
-105.6310025688766387,50.8498462129707889
-105.2763150629524915,51.0170337157632190
-105.0638150594032396,50.9951587153978494
-104.9997525583332560,51.1842212185556420
-104.4606900493295996,51.4482837229661172
-101.1309047530723717,49.0592642309214853
-104.7379361253039605,50.7966315598549798
-104.1363736152564314,50.4669440543484100
-102.7848110926820908,50.8435065606378984
-103.0348110968576663,50.8622565609510744
-103.0144985965184077,51.1466315657008082
-103.5004361046347441,51.2403815672666596
-102.4680142079273395,50.1046091136912821
-102.2914516975580312,49.5046090784539885
-101.4492641480973560,49.5905465835009878
-101.1027308750850153,47.8527831841910967
-127.0724271760167881,53.8179765670710140
-127.3806547344265141,54.0285478693508949
-127.0785306920248985,53.8118730510628964
-127.0754789340208646,53.8179765670710140
-127.0602201440005956,53.8210283250750621
-127.0632719020046295,53.8118730510628964
-122.7297755362445173,54.9044024165150901
-126.3561619622957295,54.6076017850763691
-102.8134395659189124,50.1353256134870620
-103.0470898250658962,50.2926819104635925
-101.6118096617345117,48.7381924312408970
-101.8788385293310057,48.9575375724809021
-102.3699809108032639,48.8526333744965555
-101.7310189776258227,48.6046779974426357
-100.9919212190997229,48.7763394123261165
-101.2064979877040400,49.6060362509296340
-101.4926003458432007,49.1435041052713544
-103.2044461220424409,52.7579305630958899
-103.1281521598719877,52.8151510347237263
-99.5775027863568880,48.4135242641702774
-100.5454823857416358,49.2289159464105808
-100.5121037788662761,49.2861364153397332
-98.6715120283121223,48.1608005263998820
-98.2566636285758506,48.4087558917595047
-97.8799622081256189,49.7629736564159373
-99.4153781243909833,48.3467670504196008
-98.6476701662583224,48.1608005263998820
-98.6285966766152598,48.1512637815783648
-96.9310560983839906,49.4339559600733480
-95.6328666328165866,48.7374710885554023
-96.4530266874676414,47.7694914891706972
-91.7895584313805699,34.4389089018690484
-91.7170791664009357,34.5800527336715149
-91.8048172240078770,34.4617970908099949
-91.7971878276942306,34.4617970908099949
-91.7971878276942306,34.4541676944963484
-91.7475967516555500,34.0917713695980851
-91.1580351476898443,30.1305725609981998
-80.9038045860066575,26.6325763663907367
-81.7735557657624668,26.8957905392115642
-127.1696226726644170,54.2005405465617542
-126.3768808108728763,54.3793545003493293
-126.3411180201153741,54.6237335705256726
-126.5080110436504270,55.1482545016358685
-121.7864284711859000,43.5196598721071908
-119.1342599858159872,37.0561050965228134
-101.1204976011799914,49.9471682706533713
-102.3841161708400165,48.8409059757056951
-101.6164082851220343,48.7264650486421473
-98.1593386134105543,48.5595720300078000
-101.1967915525556947,48.5834138898127037
-98.8269106879479580,48.7026231888372436
-98.5217348824451591,46.9430939352351189
-98.5098139783063687,49.1296319259664855
-122.2599999999999767,38.4299999999999997
-122.1700000000000017,38.2699999999999960
-123.1200000000000045,39.3699999999999974
-122.2599999999999767,38.4299999999999997
-122.1700000000000017,38.2699999999999960
-123.1200000000000045,39.3699999999999974
-122.2599999999999767,38.4299999999999997
-122.1700000000000017,38.2699999999999960
-123.0100000000000051,40.1799999999999997
-123.2399999999999949,39.3600000000000065
-122.2599999999999767,38.4299999999999997
-122.4199999999999875,38.3199999999999932
-122.1700000000000017,38.2699999999999960
-123.0100000000000051,40.1799999999999997
-123.2099999999999937,39.3600000000000065
-123.1200000000000045,39.3699999999999974
-122.2599999999999767,38.4299999999999997
-122.4199999999999875,38.3199999999999932
-122.1700000000000017,38.2699999999999960
-118.4300000000000068,36.2599999999999980
-123.1200000000000045,39.3699999999999974
-122.2599999999999767,38.4299999999999997
-122.4199999999999875,38.3199999999999932
-122.1700000000000017,38.2699999999999960
-118.4300000000000068,36.2599999999999980
-122.6000000000000085,38.4200000000000017
-122.2599999999999767,38.4299999999999997
-123.1200000000000045,39.3699999999999974
-122.6000000000000085,38.4200000000000017
-122.2599999999999767,38.4299999999999997
-123.1200000000000045,39.3699999999999974
-122.6000000000000085,38.4200000000000017
-122.2599999999999767,38.4299999999999997
-122.4199999999999875,38.3199999999999932
-93.2699999999999818,32.2800000000000011
-123.2099999999999937,39.3600000000000065
-122.2300000000000040,38.4299999999999997
-123.0100000000000051,40.1799999999999997
-122.2800000000000011,38.4200000000000017
-122.2299999999999756,38.2699999999999960
-112.0599999999999881,35.2800000000000011
-93.2699999999999818,32.2800000000000011
-127.0700000000000074,53.8099999999999952
-122.2599999999999767,38.4299999999999997
-112.0599999999999881,35.2800000000000011
-104.7300000000000040,50.7999999999999972
-104.3400000000000034,50.6799999999999997
-104.1299999999999812,50.4699999999999918
-77.3140000000000072,35.7175999999999974
-80.8361000000000018,33.7635000000000005
-81.7858999999999838,28.4395999999999951
-99.3844480146363338,48.2767596783203388
-99.6526688075445861,48.4615340023237735
-99.4678944835411016,48.6343874021979374
-99.3416075801897307,51.5879013006641074
-99.8542073177476226,51.4388897490484496
-100.4323721380164045,51.2064317285280097
-100.9866951100266874,51.2362340388511370
-101.5112157717138359,51.0276178665891962
-100.9151695652511478,50.1871927154768542
-101.0701415789314410,49.8772486881162607
-101.3800856062920417,49.6745929779189481
-101.3324019097750153,49.2215978610073179
-101.5946622406186179,49.7282371365005957
-102.6258221777990229,50.1991136396060966
-101.7138714819111556,50.9262900114905506
-101.7794365646220172,51.2123921905926380
-101.9344085783023388,51.1766294182048824
-102.9596080534181226,50.8666853908442960
-103.1384219153569148,50.7593970736810078
-103.1861056118739270,50.8666853908442960
-102.9715289775473650,51.4388897490484496
-103.4960496392345135,51.5282966800178528
-103.6450611908501713,51.4925339076300901
-104.2053446249250612,50.6997924530347390
-102.4768106261833651,51.9812917969294759
-103.7046658114964259,53.0899377409500417
-103.1682242256800635,49.7639999088883584
-105.4745240983274925,35.6985280419488546
-93.1911500088501299,47.7624522991656377
-98.7129229167057645,47.1616376304352372
-98.1693286926163324,48.3441934863490488
-98.6890810647720116,48.2440577082273165
-98.5698718051032898,48.5969171168467611
-98.7367647686395316,48.6207589687805068
-99.0085618806842689,48.5396966722057783
-101.7216912422973678,49.8666621462316186
-102.1353711382614335,50.2372741163802203
-102.4333942502440635,50.5352972283628503
-101.5936999999999983,52.0655000000000001
-101.5728000000000009,52.0635999999999939
-100.0812999999999988,50.4302999999999955
-102.4675000000000011,50.0897999999999968
-102.4468999999999994,50.0878999999999976
-102.4535999999999945,50.0852999999999966
-101.7163999999999788,49.7574999999999932
-101.1186000000000007,49.0583000000000027
-99.0429999999999637,48.4326999999999899
-99.0288000000000039,48.4309000000000012
-101.9925999999999959,48.6420999999999992
-101.1071000000000026,47.8687999999999931
-101.0909000000000191,47.8669999999999902
-99.0854999999999961,43.2922999999999973
-106.3047999999999860,39.8459999999999965
-96.1896000000000129,35.1373999999999995
-112.0621000000000009,35.2745999999999995
-112.0671000000000106,35.2815000000000012
-93.2928999999999888,32.2953999999999937
-93.2663000000000011,32.2896000000000001
-93.7231000000000023,31.8130999999999986
-93.7270000000000039,31.7998000000000047
-94.0867000000000075,31.3301999999999978
-94.7716999999999956,30.8338999999999963
-109.0630000000000024,26.2564999999999991
-80.5760119999999915,26.8704609999999988
-80.5825959999999952,26.8690010000000008
-81.7876890000000145,26.8995229999999950
-81.7954560000000157,26.8976970000000009
-82.0397419999999897,28.8253729999999990
-81.7160339999999934,30.6902940000000051
-81.7225570000000090,30.6887909999999948
-83.2799909999999954,30.6170919999999924
-80.9339750000000180,32.1986429999999970
-82.1260599999999954,32.1733860000000007
-83.2217710000000039,32.1085009999999897
-81.5836869999999976,32.5001529999999974
-83.2178499999999985,32.1199870000000018
-80.2563930000000028,33.4137729999999991
-83.5885389999999830,33.3772930000000017
-77.3123700000000156,35.7189449999999979
-77.3223799999999812,35.7170910000000035
-84.0302429999999845,34.8621899999999911
-81.5060200000000066,36.4195899999999995
-77.0785520000000020,42.4309840000000023
-75.1982730000000004,45.4289089999999973
-96.9158250000000123,49.4085809999999981
-96.9288710000000009,49.4041330000000016
-101.7098540000000071,49.7665709999999990
-100.0423129999999929,51.5130120000000034
-100.0569919999999797,51.5076979999999907
-100.0516510000000068,51.5120089999999919
-100.0662540000000007,51.5066409999999948
-103.2315439999999995,52.7787440000000032
-103.2302859999999924,52.7907749999999893
-103.2471850000000018,52.7840309999999988
-91.8313808336199884,34.6471994970502166
-96.2143643936528150,48.1198688389301736
-95.6612333072850305,44.4625279488949303
-100.7824642276212188,44.6532628062631431
-98.2456906246241459,48.3630557820746318
-98.8369686824655957,48.1675525532722233
-98.2886059675319927,48.4631915821929340
-99.3519527973597150,48.5013385536665780
-101.7075282858569949,48.2438464962195113
-99.7933256049518889,49.3061678879860565
-100.9200917630722074,49.5788330945318947
-101.0269032800619726,49.4872803656835529
-100.8476125194006272,49.1363282384315667
-101.1222707059456525,49.7771973403699732
-101.3320790428897737,49.6894593085569767
-100.6187306972797160,50.3036255312479526
-100.7903920638703852,50.1929993172228706
-101.0536061593093677,50.2959961371772550
-101.2519704051474605,50.2311462875763510
-99.9330388909365723,51.1393497722832606
-98.9831793291349840,49.3884038330586819
-102.3038731390110883,49.3726416300073438
-102.0082341100903420,50.3596945168877923
-102.5375233392871195,50.3167791739799384
-102.6233540251027989,50.3978414883614292
-101.7698155383801009,50.5742712314270193
-102.7711735395631649,50.7745428316636165
-102.9905186255365805,50.7077856315847484
-102.6281223965370089,51.2609167179525400
-103.3958301974440133,51.2847585751235613
-103.6294803977200729,50.9986562890712634
-103.7439213121409693,51.0844869748869570
-103.6199436548516530,51.3229055465971982
-102.8426991110762003,52.8058690626349545
-106.0959204827419740,53.4256982375470812
-115.4272729283416936,48.6763865038427923
-116.4927059384671963,45.0032503220815769
-116.1201769139477875,45.9941775273031581
-119.0631562076509908,48.5422760550158188
-119.1387945006943454,48.5124386573807556
-122.0911988825529448,54.3717475724753214
-122.3474988546675633,54.4849963973631759
-82.2760817219221252,27.7133482170118590
-84.2528102121152074,32.2690892792584663
-92.0073151249111021,34.4833589564316156
-92.9676651444837603,34.8900272041699893
-95.9311723981341657,34.6278015067878044
-96.5995073441144569,34.7132507236254568
-101.9286393257716270,45.3880328853498654
-98.7672090298145662,48.2609176660164465
-114.5123718061064721,47.1509536949325678
-115.7461879303296399,46.8112072259435763
-100.2526654274210642,50.0632831028732994
-100.3432644869652961,51.1695453036238774
-101.0051144575615041,49.5430271974213312
-101.2416256797424694,49.5468418945532960
-101.7451657011600048,49.5964329572686609
-101.8634213122504946,51.1680881756325547
-101.9053829807019582,51.0231296846184108
-101.9931210147368290,50.9735386219030389
-102.0160091975285468,50.9010593763959704
-102.2754086025012157,51.0383884731462061
-102.5424374017378142,50.2258579840406014
-102.7026546812797676,50.0503819159708456
-102.7026546812797676,50.0503819159708456
-102.7064693784117253,50.6912510341386451
-102.7140987726756123,50.6645481542149980
-103.1451595485860935,50.6683628513469486
-103.1489742457180370,51.0155002903545025
-103.2023800055653595,50.9659092276391377
-103.5724056273645886,50.9315769534515752
-103.6372554786078126,50.9697239247710883
-103.6143672958160948,51.0269443817503472
-103.7249935126426692,51.1108677186532745
-103.9729488262195076,50.9659092276391377
-103.9882076147472958,50.8247654337569443
-103.9996517061431689,51.1070530215213239
-104.0645015573863361,51.1108677186532745
-102.9086483264050855,51.7631809282169328
-102.0770443516397847,51.5495578888276640
-103.1947506113015010,49.5926182601367032
-101.9587887405492381,52.0492832131132772
-102.1609676885426552,52.1141330643564444
-103.5457027474409699,53.4035006949559516
-102.8566254042866319,51.8562878709318156
-103.1465423899858678,49.2653455461040153
-103.7698639081118870,51.0366626837111710
-103.5959137166923512,49.8251148592628326
-104.1696441726023750,50.7070728473373151
-104.2734039359052929,50.6796070276394914
-104.3771636992081397,50.8138843683843930
-104.4229400653711934,51.1099048695720271
-104.5144927976972440,51.0305591682227657
-104.5602691638602977,51.0519214724321841
-104.7464263862566582,51.7751880578081511
-104.7677886904660625,51.7751880578081511
-104.8410308763268972,51.8819995788552291
-104.8990142734667472,51.8331714549479798
-104.8959625157225588,51.7843433310407519
-104.8929107579783704,51.7629810268313406
-104.9753082170718272,51.8545337591574054
-105.0485504029326904,52.9806323667680843
-105.6985748024477374,52.8066821753485414
-105.9976470613795669,52.8982349076746132
-105.5673492194470811,51.5890308354117977
-105.3872955125391258,50.4354664081033093
-105.6741607404941590,50.6094165995228380
-106.3150298667766691,49.5931812707034609
-108.1979643949494942,49.8922535296352834
-108.0881011161582421,52.2604175391363270
-108.0758940851814174,52.8707690879768037
-108.5733305974864180,52.8188892063253590